GeneID,Source
DDB_G0267364,dictyBase
DDB_G0267372,dictyBase
DDB_G0267304,dictyBase
DDB_G0267338,dictyBase
DDB_G0267356,dictyBase
DDB_G0270464,dictyBase
DDB_G0267280,dictyBase
DDB_G0268942,dictyBase
DDB_G0269268,dictyBase
DDB_G0268340,dictyBase
DDB_G0270852,dictyBase
DDB_G0270860,dictyBase
DDB_G0269064,dictyBase
DDB_G0270648,dictyBase
DDB_G0271194,dictyBase
DDB_G0273327,dictyBase
DDB_G0273329,dictyBase
DDB_G0276011,dictyBase
DDB_G0276323,dictyBase
DDB_G0272270,dictyBase
DDB_G0276329,dictyBase
DDB_G0275947,dictyBase
DDB_G0274839,dictyBase
DDB_G0276201,dictyBase
DDB_G0277281,dictyBase
DDB_G0277765,dictyBase
DDB_G0281533,dictyBase
DDB_G0279389,dictyBase
DDB_G0279867,dictyBase
DDB_G0282083,dictyBase
DDB_G0279691,dictyBase
DDB_G0286101,dictyBase
DDB_G0286503,dictyBase
DDB_G0291620,dictyBase
DDB_G0292062,dictyBase
DDB_G0292374,dictyBase
DDB_G0291878,dictyBase
DDB_G0289049,dictyBase
DDB_G0292798,dictyBase
DDB_G0292352,dictyBase
DDB_G0293142,dictyBase
DDB_G0291884,dictyBase
DDB_G0293732,dictyBase
DDB_G0293344,dictyBase
DDB_G0293630,dictyBase
DDB_G0280521,dictyBase
DDB_G0277067,dictyBase
DDB_G0276009,dictyBase
DDB_G0276397,dictyBase
DDB_G0285317,dictyBase
DDB_G0291067,dictyBase
DDB_G0292516,dictyBase
DDB_G0293158,dictyBase
DDB_G0267300,dictyBase
DDB_G0267302,dictyBase
DDB_G0267310,dictyBase
DDB_G0267322,dictyBase
DDB_G0267336,dictyBase
DDB_G0267186,dictyBase
DDB_G0267258,dictyBase
DDB_G0268598,dictyBase
DDB_G0268128,dictyBase
DDB_G0268724,dictyBase
DDB_G0270840,dictyBase
DDB_G0271026,dictyBase
DDB_G0267780,dictyBase
DDB_G0269956,dictyBase
DDB_G0270638,dictyBase
DDB_G0273663,dictyBase
DDB_G0271154,dictyBase
DDB_G0273879,dictyBase
DDB_G0274763,dictyBase
DDB_G0273897,dictyBase
DDB_G0277783,dictyBase
DDB_G0281453,dictyBase
DDB_G0277521,dictyBase
DDB_G0277713,dictyBase
DDB_G0276979,dictyBase
DDB_G0281107,dictyBase
DDB_G0281245,dictyBase
DDB_G0282335,dictyBase
DDB_G0282755,dictyBase
DDB_G0282907,dictyBase
DDB_G0281449,dictyBase
DDB_G0285089,dictyBase
DDB_G0282509,dictyBase
DDB_G0285547,dictyBase
DDB_G0282541,dictyBase
DDB_G0287117,dictyBase
DDB_G0292372,dictyBase
DDB_G0292548,dictyBase
DDB_G0291686,dictyBase
DDB_G0291882,dictyBase
DDB_G0291958,dictyBase
DDB_G0293342,dictyBase
DDB_G0284445,dictyBase
DDB_G0290749,dictyBase
DDB_G0293452,dictyBase
DDB_G0267206,dictyBase
DDB_G0267202,dictyBase
DDB_G0267272,dictyBase
DDB_G0268596,dictyBase
DDB_G0268958,dictyBase
DDB_G0270274,dictyBase
DDB_G0268524,dictyBase
DDB_G0269264,dictyBase
DDB_G0271568,dictyBase
DDB_G0271448,dictyBase
DDB_G0272292,dictyBase
DDB_G0273761,dictyBase
DDB_G0271352,dictyBase
DDB_G0272400,dictyBase
DDB_G0270650,dictyBase
DDB_G0270792,dictyBase
DDB_G0272268,dictyBase
DDB_G0275221,dictyBase
DDB_G0274645,dictyBase
DDB_G0274647,dictyBase
DDB_G0274671,dictyBase
DDB_G0276249,dictyBase
DDB_G0274837,dictyBase
DDB_G0276171,dictyBase
DDB_G0277779,dictyBase
DDB_G0279077,dictyBase
DDB_G0279217,dictyBase
DDB_G0282785,dictyBase
DDB_G0282797,dictyBase
DDB_G0279931,dictyBase
DDB_G0282703,dictyBase
DDB_G0282751,dictyBase
DDB_G0282543,dictyBase
DDB_G0285841,dictyBase
DDB_G0287409,dictyBase
DDB_G0284873,dictyBase
DDB_G0285325,dictyBase
DDB_G0293280,dictyBase
DDB_G0288505,dictyBase
DDB_G0292172,dictyBase
DDB_G0292376,dictyBase
DDB_G0293818,dictyBase
DDB_G0291069,dictyBase
DDB_G0291215,dictyBase
DDB_G0291696,dictyBase
DDB_G0291223,dictyBase
DDB_G0292540,dictyBase
DDB_G0293736,dictyBase
DDB_G0292260,dictyBase
DDB_G0293964,dictyBase
DDB_G0293400,dictyBase
DDB_G0279233,dictyBase
DDB_G0269266,dictyBase
DDB_G0270502,dictyBase
DDB_G0269058,dictyBase
DDB_G0293486,dictyBase
DDB_G0291688,dictyBase
DDB_G0278633,dictyBase
DDB_G0279469,dictyBase
DDB_G0276717,dictyBase
DDB_G0273263,dictyBase
DDB_G0286863,dictyBase
DDB_G0272448,dictyBase
DDB_G0267370,dictyBase
DDB_G0267296,dictyBase
DDB_G0267350,dictyBase
DDB_G0267178,dictyBase
DDB_G0267228,dictyBase
DDB_G0270462,dictyBase
DDB_G0267274,dictyBase
DDB_G0268476,dictyBase
DDB_G0270820,dictyBase
DDB_G0268528,dictyBase
DDB_G0271576,dictyBase
DDB_G0270504,dictyBase
DDB_G0270862,dictyBase
DDB_G0268580,dictyBase
DDB_G0271076,dictyBase
DDB_G0273881,dictyBase
DDB_G0273325,dictyBase
DDB_G0273347,dictyBase
DDB_G0277785,dictyBase
DDB_G0276195,dictyBase
DDB_G0276211,dictyBase
DDB_G0277523,dictyBase
DDB_G0281297,dictyBase
DDB_G0281247,dictyBase
DDB_G0280011,dictyBase
DDB_G0281355,dictyBase
DDB_G0282405,dictyBase
DDB_G0285835,dictyBase
DDB_G0281451,dictyBase
DDB_G0285795,dictyBase
DDB_G0284609,dictyBase
DDB_G0286531,dictyBase
DDB_G0285305,dictyBase
DDB_G0286823,dictyBase
DDB_G0289279,dictyBase
DDB_G0292060,dictyBase
DDB_G0290713,dictyBase
DDB_G0289441,dictyBase
DDB_G0291219,dictyBase
DDB_G0294010,dictyBase
DDB_G0293726,dictyBase
DDB_G0293350,dictyBase
DDB_G0293684,dictyBase
DDB_G0293516,dictyBase
DDB_G0270536,dictyBase
DDB_G0274717,dictyBase
DDB_G0270886,dictyBase
DDB_G0267208,dictyBase
DDB_G0293144,dictyBase
DDB_G0276565,dictyBase
DDB_G0267362,dictyBase
DDB_G0267330,dictyBase
DDB_G0267184,dictyBase
DDB_G0267190,dictyBase
DDB_G0267248,dictyBase
DDB_G0267260,dictyBase
DDB_G0267282,dictyBase
DDB_G0268510,dictyBase
DDB_G0270822,dictyBase
DDB_G0269258,dictyBase
DDB_G0269036,dictyBase
DDB_G0271452,dictyBase
DDB_G0271456,dictyBase
DDB_G0270888,dictyBase
DDB_G0269056,dictyBase
DDB_G0271954,dictyBase
DDB_G0272290,dictyBase
DDB_G0273375,dictyBase
DDB_G0274721,dictyBase
DDB_G0275217,dictyBase
DDB_G0282919,dictyBase
DDB_G0278221,dictyBase
DDB_G0277711,dictyBase
DDB_G0277299,dictyBase
DDB_G0279895,dictyBase
DDB_G0277363,dictyBase
DDB_G0281535,dictyBase
DDB_G0282753,dictyBase
DDB_G0285091,dictyBase
DDB_G0283079,dictyBase
DDB_G0284829,dictyBase
DDB_G0282051,dictyBase
DDB_G0282507,dictyBase
DDB_G0289793,dictyBase
DDB_G0287249,dictyBase
DDB_G0290447,dictyBase
DDB_G0292174,dictyBase
DDB_G0292938,dictyBase
DDB_G0292452,dictyBase
DDB_G0292954,dictyBase
DDB_G0293852,dictyBase
DDB_G0291956,dictyBase
DDB_G0291257,dictyBase
DDB_G0293632,dictyBase
DDB_G0293482,dictyBase
DDB_G0294296,dictyBase
DDB_G0282787,dictyBase
DDB_G0268464,dictyBase
DDB_G0277781,dictyBase
DDB_G0267250,dictyBase
DDB_G0278641,dictyBase
DDB_G0268986,dictyBase
DDB_G0287579,dictyBase
DDB_G0282355,dictyBase
DDB_G0293692,dictyBase
DDB_G0282085,dictyBase
DDB_G0267326,dictyBase
DDB_G0267328,dictyBase
DDB_G0267244,dictyBase
DDB_G0270968,dictyBase
DDB_G0267246,dictyBase
DDB_G0267262,dictyBase
DDB_G0268610,dictyBase
DDB_G0269662,dictyBase
DDB_G0269542,dictyBase
DDB_G0269076,dictyBase
DDB_G0268978,dictyBase
DDB_G0268508,dictyBase
DDB_G0271018,dictyBase
DDB_G0271020,dictyBase
DDB_G0267778,dictyBase
DDB_G0270952,dictyBase
DDB_G0270954,dictyBase
DDB_G0270064,dictyBase
DDB_G0273883,dictyBase
DDB_G0274753,dictyBase
DDB_G0274673,dictyBase
DDB_G0274719,dictyBase
DDB_G0281479,dictyBase
DDB_G0276209,dictyBase
DDB_G0275943,dictyBase
DDB_G0277283,dictyBase
DDB_G0277285,dictyBase
DDB_G0279055,dictyBase
DDB_G0279391,dictyBase
DDB_G0281579,dictyBase
DDB_G0279771,dictyBase
DDB_G0286547,dictyBase
DDB_G0290375,dictyBase
DDB_G0284733,dictyBase
DDB_G0287421,dictyBase
DDB_G0285315,dictyBase
DDB_G0287455,dictyBase
DDB_G0293270,dictyBase
DDB_G0292726,dictyBase
DDB_G0290241,dictyBase
DDB_G0292796,dictyBase
DDB_G0290129,dictyBase
DDB_G0291217,dictyBase
DDB_G0291221,dictyBase
DDB_G0292370,dictyBase
DDB_G0293140,dictyBase
DDB_G0293152,dictyBase
DDB_G0291880,dictyBase
DDB_G0291940,dictyBase
DDB_G0293764,dictyBase
DDB_G0291954,dictyBase
DDB_G0291960,dictyBase
DDB_G0291964,dictyBase
DDB_G0293690,dictyBase
DDB_G0293490,dictyBase
DDB_G0267242,dictyBase
DDB_G0268606,dictyBase
DDB_G0277821,dictyBase
DDB_G0277715,dictyBase
DDB_G0267358,dictyBase
DDB_G0267308,dictyBase
DDB_G0281539,dictyBase
DDB_G0281943,dictyBase
DDB_G0289805,dictyBase
DDB_G0275219,dictyBase
DDB_G0267238,dictyBase
DDB_G0285307,dictyBase
DDB_G0271952,dictyBase
DDB_G0267298,dictyBase
DDB_G0267306,dictyBase
DDB_G0267314,dictyBase
DDB_G0267342,dictyBase
DDB_G0267354,dictyBase
DDB_G0267182,dictyBase
DDB_G0267210,dictyBase
DDB_G0270456,dictyBase
DDB_G0270458,dictyBase
DDB_G0267264,dictyBase
DDB_G0267292,dictyBase
DDB_G0267270,dictyBase
DDB_G0268608,dictyBase
DDB_G0268470,dictyBase
DDB_G0269094,dictyBase
DDB_G0271422,dictyBase
DDB_G0267736,dictyBase
DDB_G0271028,dictyBase
DDB_G0271454,dictyBase
DDB_G0269030,dictyBase
DDB_G0270896,dictyBase
DDB_G0268440,dictyBase
DDB_G0270950,dictyBase
DDB_G0272408,dictyBase
DDB_G0273271,dictyBase
DDB_G0272548,dictyBase
DDB_G0276313,dictyBase
DDB_G0279127,dictyBase
DDB_G0273759,dictyBase
DDB_G0276495,dictyBase
DDB_G0276525,dictyBase
DDB_G0275945,dictyBase
DDB_G0279929,dictyBase
DDB_G0280365,dictyBase
DDB_G0279595,dictyBase
DDB_G0285097,dictyBase
DDB_G0282799,dictyBase
DDB_G0285035,dictyBase
DDB_G0280833,dictyBase
DDB_G0290955,dictyBase
DDB_G0285951,dictyBase
DDB_G0286097,dictyBase
DDB_G0289107,dictyBase
DDB_G0286497,dictyBase
DDB_G0293272,dictyBase
DDB_G0289387,dictyBase
DDB_G0292198,dictyBase
DDB_G0292712,dictyBase
DDB_G0291213,dictyBase
DDB_G0292338,dictyBase
DDB_G0293894,dictyBase
DDB_G0293734,dictyBase
DDB_G0294002,dictyBase
DDB_G0271172,dictyBase
DDB_G0270460,dictyBase
DDB_G0267294,dictyBase
DDB_G0277365,dictyBase
DDB_G0267188,dictyBase
DDB_G0276645,dictyBase
DDB_G0291962,dictyBase
DDB_G0267324,dictyBase
DDB_G0267348,dictyBase
DDB_G0267352,dictyBase
DDB_G0267236,dictyBase
DDB_G0267240,dictyBase
DDB_G0267278,dictyBase
DDB_G0268582,dictyBase
DDB_G0268944,dictyBase
DDB_G0268474,dictyBase
DDB_G0270824,dictyBase
DDB_G0270842,dictyBase
DDB_G0271450,dictyBase
DDB_G0276647,dictyBase
DDB_G0270790,dictyBase
DDB_G0273323,dictyBase
DDB_G0276387,dictyBase
DDB_G0273345,dictyBase
DDB_G0281455,dictyBase
DDB_G0276975,dictyBase
DDB_G0276981,dictyBase
DDB_G0275941,dictyBase
DDB_G0277297,dictyBase
DDB_G0281529,dictyBase
DDB_G0279861,dictyBase
DDB_G0280523,dictyBase
DDB_G0281357,dictyBase
DDB_G0279153,dictyBase
DDB_G0279773,dictyBase
DDB_G0281941,dictyBase
DDB_G0283133,dictyBase
DDB_G0282659,dictyBase
DDB_G0289071,dictyBase
DDB_G0284305,dictyBase
DDB_G0286987,dictyBase
DDB_G0291692,dictyBase
DDB_G0292364,dictyBase
DDB_G0293160,dictyBase
DDB_G0293348,dictyBase
DDB_G0276197,dictyBase
DDB_G0267180,dictyBase
DDB_G0280031,dictyBase
DDB_G0267334,dictyBase
DDB_G0270770,dictyBase
DDB_G0273877,dictyBase
DDB_G0290953,dictyBase
DDB_G0272554,dictyBase
DDB_G0293892,dictyBase
DDB_G0276983,dictyBase
DDB_G0281491,dictyBase
DDB_G0292272,dictyBase
DDB_G0282561,dictyBase
DDB_G0293432,dictyBase
DDB_G0273901,dictyBase
DDB_G0294300,dictyBase
DDB_G0294370,dictyBase
DDB_G0294280,dictyBase
DDB_G0294338,dictyBase
DDB_G0294322,dictyBase
DDB_G0294324,dictyBase
DDB_G0294146,dictyBase
DDB_G0294164,dictyBase
DDB_G0294308,dictyBase
DDB_G0294244,dictyBase
DDB_G0294246,dictyBase
DDB_G0294358,dictyBase
DDB_G0294320,dictyBase
DDB_G0294340,dictyBase
DDB_G0294190,dictyBase
DDB_G0294176,dictyBase
DDB_G0294210,dictyBase
DDB_G0294212,dictyBase
DDB_G0294204,dictyBase
DDB_G0294250,dictyBase
DDB_G0294224,dictyBase
DDB_G0294228,dictyBase
DDB_G0294328,dictyBase
DDB_G0294168,dictyBase
DDB_G0294268,dictyBase
DDB_G0294372,dictyBase
DDB_G0294310,dictyBase
DDB_G0294346,dictyBase
DDB_G0294262,dictyBase
DDB_G0294266,dictyBase
DDB_G0294252,dictyBase
DDB_G0294264,dictyBase
DDB_G0294352,dictyBase
DDB_G0294326,dictyBase
DDB_G0294216,dictyBase
DDB_G0294374,dictyBase
DDB_G0294342,dictyBase
DDB_G0294248,dictyBase
DDB_G0294242,dictyBase
DDB_G0294218,dictyBase
DDB_G0294226,dictyBase
DDB_G0294230,dictyBase
DDB_G0294232,dictyBase
DDB_G0294144,dictyBase
DDB_G0294344,dictyBase
DDB_G0294256,dictyBase
DDB_G0294336,dictyBase
DDB_G0294180,dictyBase
DDB_G0294254,dictyBase
DDB_G0271006,dictyBase
DDB_G0277519,dictyBase
DDB_G0271440,dictyBase
DDB_G0267366,dictyBase
DDB_G0269098,dictyBase
DDB_G0270872,dictyBase
DDB_G0271004,dictyBase
DDB_G0277517,dictyBase
DDB_G0267368,dictyBase
DDB_G0284281,Predicted
DDB_G0272516,Predicted
DDB_G0273811,Predicted
DDB_G0291257,Predicted
DDB_G0278927,Predicted
DDB_G0277521,Predicted
DDB_G0268904,Predicted
DDB_G0287503,Predicted
DDB_G0288951,Predicted
DDB_G0280315,Predicted
DDB_G0270056,Predicted
DDB_G0280331,Predicted
DDB_G0275565,Predicted
DDB_G0277253,Predicted
DDB_G0293914,Predicted
DDB_G0288911,Predicted
DDB_G0285093,Predicted
DDB_G0282697,Predicted
DDB_G0267902,Predicted
DDB_G0276527,Predicted
DDB_G0270266,Predicted
DDB_G0270612,Predicted
DDB_G0271508,Predicted
DDB_G0286339,Predicted
DDB_G0272094,Predicted
DDB_G0269654,Predicted
DDB_G0271568,Predicted
DDB_G0275653,Predicted
DDB_G0271974,Predicted
DDB_G0288589,Predicted
DDB_G0274009,Predicted
DDB_G0290507,Predicted
DDB_G0284875,Predicted
DDB_G0284183,Predicted
DDB_G0267892,Predicted
DDB_G0278559,Predicted
DDB_G0273323,Predicted
DDB_G0273897,Predicted
DDB_G0270496,Predicted
DDB_G0276093,Predicted
DDB_G0291690,Predicted
DDB_G0279199,Predicted
DDB_G0270176,Predicted
DDB_G0279927,Predicted
DDB_G0287637,Predicted
DDB_G0294320,Predicted
DDB_G0271602,Predicted
DDB_G0287625,Predicted
DDB_G0284003,Predicted
DDB_G0272973,Predicted
DDB_G0267596,Predicted
DDB_G0292778,Predicted
DDB_G0292938,Predicted
DDB_G0268936,Predicted
DDB_G0271388,Predicted
DDB_G0268920,Predicted
DDB_G0275529,Predicted
DDB_G0270820,Predicted
DDB_G0287887,Predicted
DDB_G0280011,Predicted
DDB_G0283527,Predicted
DDB_G0277357,Predicted
DDB_G0267250,Predicted
DDB_G0285231,Predicted
DDB_G0291712,Predicted
DDB_G0292524,Predicted
DDB_G0286901,Predicted
DDB_G0287249,Predicted
DDB_G0284871,Predicted
DDB_G0285205,Predicted
DDB_G0292082,Predicted
DDB_G0283431,Predicted
DDB_G0284297,Predicted
DDB_G0282977,Predicted
DDB_G0294352,Predicted
DDB_G0270650,Predicted
DDB_G0269030,Predicted
DDB_G0277785,Predicted
DDB_G0284661,Predicted
DDB_G0294296,Predicted
DDB_G0277057,Predicted
DDB_G0292340,Predicted
DDB_G0274681,Predicted
DDB_G0287871,Predicted
DDB_G0287531,Predicted
DDB_G0290569,Predicted
DDB_G0275267,Predicted
DDB_G0294264,Predicted
DDB_G0276213,Predicted
DDB_G0276005,Predicted
DDB_G0273391,Predicted
DDB_G0272863,Predicted
DDB_G0268530,Predicted
DDB_G0276389,Predicted
DDB_G0275409,Predicted
DDB_G0282273,Predicted
DDB_G0267280,Predicted
DDB_G0278547,Predicted
DDB_G0284441,Predicted
DDB_G0272478,Predicted
DDB_G0290039,Predicted
DDB_G0273335,Predicted
DDB_G0273847,Predicted
DDB_G0289263,Predicted
DDB_G0275543,Predicted
DDB_G0284873,Predicted
DDB_G0269932,Predicted
DDB_G0281777,Predicted
DDB_G0274823,Predicted
DDB_G0279051,Predicted
DDB_G0276551,Predicted
DDB_G0294174,Predicted
DDB_G0278239,Predicted
DDB_G0278995,Predicted
DDB_G0280841,Predicted
DDB_G0283117,Predicted
DDB_G0279489,Predicted
DDB_G0268986,Predicted
DDB_G0294386,Predicted
DDB_G0291506,Predicted
DDB_G0270206,Predicted
DDB_G0290485,Predicted
DDB_G0268528,Predicted
DDB_G0284273,Predicted
DDB_G0267352,Predicted
DDB_G0281929,Predicted
DDB_G0285135,Predicted
DDB_G0270458,Predicted
DDB_G0272807,Predicted
DDB_G0293140,Predicted
DDB_G0294328,Predicted
DDB_G0275809,Predicted
DDB_G0274671,Predicted
DDB_G0271194,Predicted
DDB_G0292166,Predicted
DDB_G0282785,Predicted
DDB_G0277781,Predicted
DDB_G0294326,Predicted
DDB_G0291688,Predicted
DDB_G0284143,Predicted
DDB_G0292370,Predicted
DDB_G0277589,Predicted
DDB_G0293818,Predicted
DDB_G0269720,Predicted
DDB_G0282787,Predicted
DDB_G0278501,Predicted
DDB_G0272967,Predicted
DDB_G0294010,Predicted
DDB_G0282133,Predicted
DDB_G0280575,Predicted
DDB_G0278633,Predicted
DDB_G0293342,Predicted
DDB_G0274837,Predicted
DDB_G0267212,Predicted
DDB_G0274839,Predicted
DDB_G0293968,Predicted
DDB_G0274419,Predicted
DDB_G0293096,Predicted
DDB_G0269076,Predicted
DDB_G0286101,Predicted
DDB_G0285089,Predicted
DDB_G0271026,Predicted
DDB_G0277251,Predicted
DDB_G0274753,Predicted
DDB_G0267228,Predicted
DDB_G0267798,Predicted
DDB_G0292260,Predicted
DDB_G0270274,Predicted
DDB_G0271576,Predicted
DDB_G0294206,Predicted
DDB_G0294282,Predicted
DDB_G0270852,Predicted
DDB_G0294587,Predicted
DDB_G0268524,Predicted
DDB_G0268710,Predicted
DDB_G0294346,Predicted
DDB_G0289805,Predicted
DDB_G0294228,Predicted
DDB_G0279653,Predicted
DDB_G0267178,Predicted
DDB_G0294300,Predicted
DDB_G0267274,Predicted
DDB_G0267334,Predicted
DDB_G0294144,Predicted
DDB_G0286377,Predicted
DDB_G0270822,Predicted
DDB_G0294340,Predicted
DDB_G0272400,Predicted
DDB_G0294242,Predicted
DDB_G0281297,Predicted
DDB_G0294344,Predicted
DDB_G0269258,Predicted
DDB_G0294360,Predicted
DDB_G0268508,Predicted
DDB_G0278803,Predicted
DDB_G0294210,Predicted
DDB_G0285307,Predicted
DDB_G0293158,Predicted
DDB_G0276211,Predicted
DDB_G0267190,Predicted
DDB_G0267298,Predicted
DDB_G0267302,Predicted
DDB_G0267348,Predicted
DDB_G0267202,Predicted
DDB_G0267278,Predicted
DDB_G0268982,Predicted
DDB_G0268440,Predicted
DDB_G0268128,Predicted
DDB_G0268596,Predicted
DDB_G0268598,Predicted
DDB_G0268464,Predicted
DDB_G0268608,Predicted
DDB_G0268610,Predicted
DDB_G0269036,Predicted
DDB_G0268942,Predicted
DDB_G0268944,Predicted
DDB_G0269064,Predicted
DDB_G0268724,Predicted
DDB_G0268978,Predicted
DDB_G0268980,Predicted
DDB_G0268770,Predicted
DDB_G0268772,Predicted
DDB_G0268984,Predicted
DDB_G0269080,Predicted
DDB_G0270460,Predicted
DDB_G0271004,Predicted
DDB_G0268510,Predicted
DDB_G0268340,Predicted
DDB_G0270968,Predicted
DDB_G0270770,Predicted
DDB_G0270790,Predicted
DDB_G0270792,Predicted
DDB_G0271076,Predicted
DDB_G0267372,Predicted
DDB_G0268474,Predicted
DDB_G0268606,Predicted
DDB_G0268470,Predicted
DDB_G0269056,Predicted
DDB_G0269058,Predicted
DDB_G0269094,Predicted
DDB_G0270840,Predicted
DDB_G0270462,Predicted
DDB_G0270464,Predicted
DDB_G0270842,Predicted
DDB_G0270502,Predicted
DDB_G0270504,Predicted
DDB_G0270860,Predicted
DDB_G0270862,Predicted
DDB_G0270532,Predicted
DDB_G0270536,Predicted
DDB_G0270896,Predicted
DDB_G0269662,Predicted
DDB_G0269792,Predicted
DDB_G0270952,Predicted
DDB_G0270954,Predicted
DDB_G0270638,Predicted
DDB_G0271018,Predicted
DDB_G0271020,Predicted
DDB_G0270064,Predicted
DDB_G0267780,Predicted
DDB_G0268580,Predicted
DDB_G0268722,Predicted
DDB_G0269264,Predicted
DDB_G0269266,Predicted
DDB_G0269542,Predicted
DDB_G0270886,Predicted
DDB_G0270648,Predicted
DDB_G0269956,Predicted
DDB_G0269268,Predicted
DDB_G0270888,Predicted
DDB_G0267778,Predicted
DDB_G0268582,Predicted
DDB_G0277783,Predicted
DDB_G0277821,Predicted
DDB_G0272841,Predicted
DDB_G0273339,Predicted
DDB_G0273379,Predicted
DDB_G0271172,Predicted
DDB_G0271154,Predicted
DDB_G0273309,Predicted
DDB_G0273463,Predicted
DDB_G0273649,Predicted
DDB_G0276727,Predicted
DDB_G0271112,Predicted
DDB_G0271448,Predicted
DDB_G0271450,Predicted
DDB_G0271954,Predicted
DDB_G0272268,Predicted
DDB_G0272270,Predicted
DDB_G0273263,Predicted
DDB_G0273901,Predicted
DDB_G0274719,Predicted
DDB_G0274717,Predicted
DDB_G0274673,Predicted
DDB_G0275221,Predicted
DDB_G0275219,Predicted
DDB_G0275217,Predicted
DDB_G0275945,Predicted
DDB_G0275947,Predicted
DDB_G0276979,Predicted
DDB_G0276117,Predicted
DDB_G0271116,Predicted
DDB_G0271452,Predicted
DDB_G0271454,Predicted
DDB_G0272408,Predicted
DDB_G0272448,Predicted
DDB_G0272290,Predicted
DDB_G0276171,Predicted
DDB_G0276249,Predicted
DDB_G0276323,Predicted
DDB_G0276313,Predicted
DDB_G0276329,Predicted
DDB_G0276387,Predicted
DDB_G0276397,Predicted
DDB_G0276525,Predicted
DDB_G0276565,Predicted
DDB_G0277067,Predicted
DDB_G0276983,Predicted
DDB_G0277069,Predicted
DDB_G0277715,Predicted
DDB_G0271952,Predicted
DDB_G0272548,Predicted
DDB_G0273345,Predicted
DDB_G0273347,Predicted
DDB_G0273759,Predicted
DDB_G0273761,Predicted
DDB_G0274721,Predicted
DDB_G0276011,Predicted
DDB_G0276209,Predicted
DDB_G0276195,Predicted
DDB_G0276495,Predicted
DDB_G0276975,Predicted
DDB_G0277297,Predicted
DDB_G0277285,Predicted
DDB_G0277281,Predicted
DDB_G0277363,Predicted
DDB_G0277365,Predicted
DDB_G0277517,Predicted
DDB_G0277519,Predicted
DDB_G0277711,Predicted
DDB_G0277713,Predicted
DDB_G0273327,Predicted
DDB_G0273329,Predicted
DDB_G0273877,Predicted
DDB_G0273879,Predicted
DDB_G0275943,Predicted
DDB_G0276981,Predicted
DDB_G0273325,Predicted
DDB_G0273881,Predicted
DDB_G0275941,Predicted
DDB_G0278897,Predicted
DDB_G0279019,Predicted
DDB_G0278691,Predicted
DDB_G0279021,Predicted
DDB_G0279895,Predicted
DDB_G0282703,Predicted
DDB_G0282907,Predicted
DDB_G0279127,Predicted
DDB_G0281247,Predicted
DDB_G0281355,Predicted
DDB_G0281357,Predicted
DDB_G0281529,Predicted
DDB_G0282659,Predicted
DDB_G0279075,Predicted
DDB_G0279055,Predicted
DDB_G0279077,Predicted
DDB_G0279153,Predicted
DDB_G0279495,Predicted
DDB_G0279595,Predicted
DDB_G0279691,Predicted
DDB_G0279861,Predicted
DDB_G0279929,Predicted
DDB_G0280031,Predicted
DDB_G0281539,Predicted
DDB_G0281491,Predicted
DDB_G0278641,Predicted
DDB_G0279389,Predicted
DDB_G0279391,Predicted
DDB_G0279233,Predicted
DDB_G0279867,Predicted
DDB_G0280365,Predicted
DDB_G0280523,Predicted
DDB_G0281579,Predicted
DDB_G0281941,Predicted
DDB_G0281943,Predicted
DDB_G0282051,Predicted
DDB_G0282405,Predicted
DDB_G0282507,Predicted
DDB_G0282509,Predicted
DDB_G0282543,Predicted
DDB_G0282561,Predicted
DDB_G0282797,Predicted
DDB_G0282799,Predicted
DDB_G0279771,Predicted
DDB_G0281455,Predicted
DDB_G0282541,Predicted
DDB_G0279773,Predicted
DDB_G0281451,Predicted
DDB_G0281453,Predicted
DDB_G0285583,Predicted
DDB_G0284215,Predicted
DDB_G0284439,Predicted
DDB_G0284507,Predicted
DDB_G0283079,Predicted
DDB_G0285091,Predicted
DDB_G0283321,Predicted
DDB_G0284305,Predicted
DDB_G0285305,Predicted
DDB_G0285315,Predicted
DDB_G0285317,Predicted
DDB_G0285325,Predicted
DDB_G0285547,Predicted
DDB_G0285795,Predicted
DDB_G0285835,Predicted
DDB_G0285841,Predicted
DDB_G0285951,Predicted
DDB_G0286497,Predicted
DDB_G0286547,Predicted
DDB_G0286823,Predicted
DDB_G0284445,Predicted
DDB_G0284609,Predicted
DDB_G0285097,Predicted
DDB_G0286017,Predicted
DDB_G0286019,Predicted
DDB_G0286097,Predicted
DDB_G0286987,Predicted
DDB_G0285035,Predicted
DDB_G0289279,Predicted
DDB_G0290241,Predicted
DDB_G0290447,Predicted
DDB_G0290713,Predicted
DDB_G0290749,Predicted
DDB_G0291067,Predicted
DDB_G0287453,Predicted
DDB_G0289677,Predicted
DDB_G0288505,Predicted
DDB_G0289071,Predicted
DDB_G0290129,Predicted
DDB_G0287409,Predicted
DDB_G0287421,Predicted
DDB_G0289387,Predicted
DDB_G0289441,Predicted
DDB_G0290375,Predicted
DDB_G0289107,Predicted
DDB_G0291069,Predicted
DDB_G0291215,Predicted
DDB_G0291219,Predicted
DDB_G0292436,Predicted
DDB_G0293804,Predicted
DDB_G0293432,Predicted
DDB_G0293452,Predicted
DDB_G0291686,Predicted
DDB_G0291956,Predicted
DDB_G0291958,Predicted
DDB_G0291964,Predicted
DDB_G0292172,Predicted
DDB_G0292372,Predicted
DDB_G0292374,Predicted
DDB_G0292540,Predicted
DDB_G0293152,Predicted
DDB_G0293270,Predicted
DDB_G0293734,Predicted
DDB_G0293736,Predicted
DDB_G0293780,Predicted
DDB_G0293852,Predicted
DDB_G0292946,Predicted
DDB_G0291620,Predicted
DDB_G0291692,Predicted
DDB_G0291954,Predicted
DDB_G0291878,Predicted
DDB_G0291960,Predicted
DDB_G0291940,Predicted
DDB_G0291880,Predicted
DDB_G0291882,Predicted
DDB_G0291962,Predicted
DDB_G0291884,Predicted
DDB_G0292060,Predicted
DDB_G0292062,Predicted
DDB_G0292198,Predicted
DDB_G0292228,Predicted
DDB_G0292338,Predicted
DDB_G0292376,Predicted
DDB_G0292548,Predicted
DDB_G0292712,Predicted
DDB_G0293490,Predicted
DDB_G0293516,Predicted
DDB_G0293764,Predicted
DDB_G0293894,Predicted
DDB_G0293964,Predicted
DDB_G0291696,Predicted
DDB_G0292174,Predicted
DDB_G0292516,Predicted
DDB_G0292726,Predicted
DDB_G0292796,Predicted
DDB_G0292798,Predicted
DDB_G0293142,Predicted
DDB_G0293144,Predicted
DDB_G0293272,Predicted
DDB_G0293400,Predicted
DDB_G0293692,Predicted
DDB_G0293684,Predicted
DDB_G0293690,Predicted
DDB_G0293726,Predicted
DDB_G0293732,Predicted
DDB_G0293630,Predicted
DDB_G0293632,Predicted
DDB_G0293892,Predicted
DDB_G0293160,Predicted
DDB_G0293350,Predicted
DDB_G0293280,Predicted
DDB_G0293344,Predicted
DDB_G0293348,Predicted
DDB_G0293482,Predicted
DDB_G0293486,Predicted
DDB_G0294152,Predicted
DDB_G0294226,Predicted
DDB_G0294244,Predicted
DDB_G0294308,Predicted
DDB_G0294382,Predicted
DDB_G0294384,Predicted
DDB_G0267180,Predicted
DDB_G0267182,Predicted
DDB_G0267184,Predicted
DDB_G0267186,Predicted
DDB_G0267188,Predicted
DDB_G0267204,Predicted
DDB_G0267206,Predicted
DDB_G0267208,Predicted
DDB_G0267210,Predicted
DDB_G0267236,Predicted
DDB_G0267238,Predicted
DDB_G0267240,Predicted
DDB_G0267242,Predicted
DDB_G0267264,Predicted
DDB_G0267244,Predicted
DDB_G0267246,Predicted
DDB_G0267248,Predicted
DDB_G0267258,Predicted
DDB_G0267260,Predicted
DDB_G0267262,Predicted
DDB_G0267270,Predicted
DDB_G0267272,Predicted
DDB_G0267282,Predicted
DDB_G0267290,Predicted
DDB_G0267292,Predicted
DDB_G0267294,Predicted
DDB_G0267296,Predicted
DDB_G0267300,Predicted
DDB_G0267304,Predicted
DDB_G0267306,Predicted
DDB_G0267308,Predicted
DDB_G0267310,Predicted
DDB_G0267312,Predicted
DDB_G0267314,Predicted
DDB_G0267316,Predicted
DDB_G0267322,Predicted
DDB_G0267324,Predicted
DDB_G0267326,Predicted
DDB_G0267328,Predicted
DDB_G0267330,Predicted
DDB_G0267338,Predicted
DDB_G0267342,Predicted
DDB_G0267802,Predicted
DDB_G0268050,Predicted
DDB_G0268114,Predicted
DDB_G0268798,Predicted
DDB_G0269492,Predicted
DDB_G0269690,Predicted
DDB_G0269748,Predicted
DDB_G0269750,Predicted
DDB_G0270710,Predicted
DDB_G0271036,Predicted
DDB_G0271038,Predicted
DDB_G0270122,Predicted
DDB_G0270438,Predicted
DDB_G0267360,Predicted
DDB_G0267368,Predicted
DDB_G0267356,Predicted
DDB_G0267358,Predicted
DDB_G0267362,Predicted
DDB_G0267364,Predicted
DDB_G0267366,Predicted
DDB_G0267374,Predicted
DDB_G0272554,Predicted
DDB_G0271104,Predicted
DDB_G0271516,Predicted
DDB_G0271768,Predicted
DDB_G0271998,Predicted
DDB_G0272068,Predicted
DDB_G0272292,Predicted
DDB_G0273215,Predicted
DDB_G0273375,Predicted
DDB_G0273663,Predicted
DDB_G0273709,Predicted
DDB_G0274125,Predicted
DDB_G0274679,Predicted
DDB_G0276235,Predicted
DDB_G0276533,Predicted
DDB_G0276399,Predicted
DDB_G0277497,Predicted
DDB_G0277765,Predicted
DDB_G0277779,Predicted
DDB_G0272825,Predicted
DDB_G0276951,Predicted
DDB_G0277117,Predicted
DDB_G0278221,Predicted
DDB_G0278597,Predicted
DDB_G0278237,Predicted
DDB_G0278317,Predicted
DDB_G0278801,Predicted
DDB_G0280839,Predicted
DDB_G0279239,Predicted
DDB_G0279265,Predicted
DDB_G0279475,Predicted
DDB_G0281537,Predicted
DDB_G0281629,Predicted
DDB_G0282789,Predicted
DDB_G0281533,Predicted
DDB_G0281535,Predicted
DDB_G0280391,Predicted
DDB_G0283963,Predicted
DDB_G0284401,Predicted
DDB_G0284437,Predicted
DDB_G0284717,Predicted
DDB_G0284709,Predicted
DDB_G0285127,Predicted
DDB_G0285375,Predicted
DDB_G0285757,Predicted
DDB_G0285727,Predicted
DDB_G0286273,Predicted
DDB_G0286337,Predicted
DDB_G0287057,Predicted
DDB_G0282917,Predicted
DDB_G0286421,Predicted
DDB_G0286423,Predicted
DDB_G0287579,Predicted
DDB_G0287791,Predicted
DDB_G0288149,Predicted
DDB_G0288309,Predicted
DDB_G0288553,Predicted
DDB_G0288787,Predicted
DDB_G0289849,Predicted
DDB_G0290041,Predicted
DDB_G0290659,Predicted
DDB_G0290611,Predicted
DDB_G0290953,Predicted
DDB_G0291181,Predicted
DDB_G0288153,Predicted
DDB_G0291221,Predicted
DDB_G0291213,Predicted
DDB_G0291211,Predicted
DDB_G0291223,Predicted
DDB_G0291217,Predicted
DDB_G0291508,Predicted
DDB_G0292254,Predicted
DDB_G0293806,Predicted
DDB_G0292670,Predicted
DDB_G0292672,Predicted
DDB_G0294000,Predicted
DDB_G0294156,Predicted
DDB_G0294164,Predicted
DDB_G0294166,Predicted
DDB_G0294168,Predicted
DDB_G0294148,Predicted
DDB_G0294150,Predicted
DDB_G0294146,Predicted
DDB_G0294172,Predicted
DDB_G0294176,Predicted
DDB_G0294180,Predicted
DDB_G0294182,Predicted
DDB_G0294184,Predicted
DDB_G0294204,Predicted
DDB_G0294216,Predicted
DDB_G0294218,Predicted
DDB_G0294232,Predicted
DDB_G0294234,Predicted
DDB_G0294230,Predicted
DDB_G0294248,Predicted
DDB_G0294250,Predicted
DDB_G0294252,Predicted
DDB_G0294254,Predicted
DDB_G0294256,Predicted
DDB_G0294280,Predicted
DDB_G0294288,Predicted
DDB_G0294302,Predicted
DDB_G0294304,Predicted
DDB_G0294306,Predicted
DDB_G0294310,Predicted
DDB_G0294316,Predicted
DDB_G0294322,Predicted
DDB_G0294324,Predicted
DDB_G0294332,Predicted
DDB_G0294342,Predicted
DDB_G0294356,Predicted
DDB_G0294358,Predicted
